Div,Date,Time,HomeTeam,AwayTeam,FTHG,FTAG,FTR,HTHG,HTAG,HTR,HS,AS,HST,AST,HF,AF,HC,AC,HY,AY,HR,AR,B365H,B365D,B365A,BWH,BWD,BWA,IWH,IWD,IWA,PSH,PSD,PSA,WHH,WHD,WHA,VCH,VCD,VCA,MaxH,MaxD,MaxA,AvgH,AvgD,AvgA,B365>2.5,B365<2.5,P>2.5,P<2.5,Max>2.5,Max<2.5,Avg>2.5,Avg<2.5,AHh,B365AHH,B365AHA,PAHH,PAHA,MaxAHH,MaxAHA,AvgAHH,AvgAHA,B365CH,B365CD,B365CA,BWCH,BWCD,BWCA,IWCH,IWCD,IWCA,PSCH,PSCD,PSCA,WHCH,WHCD,WHCA,VCCH,VCCD,VCCA,MaxCH,MaxCD,MaxCA,AvgCH,AvgCD,AvgCA,B365C>2.5,B365C<2.5,PC>2.5,PC<2.5,MaxC>2.5,MaxC<2.5,AvgC>2.5,AvgC<2.5,AHCh,B365CAHH,B365CAHA,PCAHH,PCAHA,MaxCAHH,MaxCAHA,AvgCAHH,AvgCAHA
N1,05/08/2022,19:00,Heerenveen,Sparta Rotterdam,0,0,D,0,0,D,11,13,2,1,5,8,3,6,1,1,0,0,1.95,3.5,3.8,1.95,3.4,3.9,1.95,3.45,3.8,1.95,3.57,4.24,1.91,3.4,3.9,1.9,3.5,4,1.98,3.65,4.24,1.93,3.5,3.96,2,1.85,2.02,1.87,2.04,1.88,1.98,1.82,-0.5,1.95,1.95,1.95,1.95,1.97,1.96,1.93,1.89,1.8,3.6,4.33,1.88,3.5,4.1,1.95,3.5,3.9,1.86,3.64,4.58,1.88,3.4,4.2,1.85,3.6,4.1,1.95,3.72,4.58,1.86,3.53,4.16,2,1.85,2.01,1.88,2.04,1.9,1.96,1.83,-0.5,1.86,2.04,1.86,2.05,1.91,2.05,1.87,1.96
N1,06/08/2022,15:30,For Sittard,Ajax,2,3,A,1,0,H,13,15,2,4,15,12,3,10,3,0,0,0,13,6.5,1.2,12.5,7.25,1.19,11,7,1.2,11.26,7.35,1.23,13,6.5,1.2,13,7,1.18,14,7.4,1.24,11.93,6.87,1.21,1.36,3.1,1.36,3.27,1.4,3.27,1.35,3.11,2,1.93,1.97,1.94,1.94,1.99,2,1.91,1.92,9.5,5.75,1.25,9.25,6.25,1.26,10,6.75,1.25,11.28,6.8,1.24,11,6,1.24,11,6.5,1.22,11.5,7.1,1.27,10.42,6.62,1.24,1.33,3.4,1.36,3.24,1.38,3.74,1.33,3.23,1.75,2.04,1.86,2.01,1.88,2.08,1.89,2.01,1.84
N1,06/08/2022,17:45,Cambuur,Excelsior,0,2,A,0,2,A,27,7,8,4,9,5,10,2,1,2,0,0,1.85,4,3.8,1.87,3.7,3.9,1.9,3.7,3.7,1.94,4.01,3.77,1.91,3.7,3.6,1.9,3.75,3.7,1.94,4.03,3.9,1.9,3.82,3.71,1.57,2.35,1.63,2.39,1.63,2.45,1.58,2.34,-0.5,1.93,1.97,1.94,1.96,1.94,1.98,1.9,1.92,1.9,4.2,3.5,1.88,3.9,3.7,1.9,3.95,3.6,1.93,4.14,3.74,1.83,3.9,3.75,1.83,4,3.7,1.94,4.28,3.86,1.87,4.03,3.69,1.47,2.6,1.51,2.66,1.51,2.79,1.47,2.64,-0.5,1.94,1.96,1.93,1.98,1.96,2.03,1.87,1.96
N1,06/08/2022,19:00,PSV Eindhoven,FC Emmen,4,1,H,3,0,H,11,6,6,2,6,12,3,6,0,1,0,0,1.22,7.5,12,1.2,6.75,11.5,1.2,7,12,1.23,7.13,12.09,1.2,6,15,1.18,6.5,15,1.23,7.5,15,1.21,6.73,12.84,1.47,2.6,1.5,2.67,1.53,2.8,1.47,2.64,-2,2.04,1.86,2.07,1.83,2.07,1.89,2.01,1.83,1.2,8,12,1.2,7,11,1.17,7.25,15,1.2,7.58,14.61,1.17,6.5,17,1.15,7,17,1.21,8.58,17,1.18,7.33,14.23,1.47,2.6,1.51,2.64,1.52,2.72,1.48,2.62,-2,2,1.9,1.97,1.92,2.01,2.01,1.9,1.94
N1,06/08/2022,20:00,Waalwijk,Utrecht,2,2,D,2,0,H,11,11,3,3,8,10,3,7,1,0,0,0,3.5,3.8,1.95,3.7,3.5,1.98,3.6,3.55,2,3.74,3.86,1.99,3.75,3.5,1.95,3.75,3.6,1.93,3.85,3.86,2,3.67,3.65,1.96,1.83,2.02,1.81,2.07,1.85,2.09,1.78,2.03,0.5,1.93,1.97,1.92,1.99,1.95,1.99,1.88,1.95,3.6,3.8,1.9,3.9,3.7,1.9,3.7,3.65,1.95,4.09,3.91,1.89,3.75,3.6,1.91,3.8,3.6,1.9,4.09,3.91,1.98,3.8,3.72,1.91,1.75,2.05,1.81,2.08,1.84,2.11,1.78,2.03,0.5,1.98,1.92,2.02,1.89,2.02,1.95,1.93,1.9
N1,07/08/2022,11:15,Groningen,Volendam,2,2,D,2,1,H,18,11,6,3,7,11,7,4,0,1,0,0,1.72,4,4.33,1.71,3.8,4.8,1.73,3.8,4.4,1.71,4.14,4.9,1.73,3.7,4.5,1.7,3.8,4.6,1.78,4.2,4.9,1.72,3.9,4.59,1.75,2.05,1.77,2.13,1.82,2.17,1.76,2.05,-0.75,1.95,1.95,1.92,1.99,1.98,1.99,1.92,1.92,1.55,4.5,5,1.6,4.2,5.25,1.57,4.2,5.25,1.58,4.47,5.68,1.53,4.2,5.5,1.53,4.33,5.5,1.65,4.66,5.75,1.58,4.3,5.31,1.57,2.35,1.63,2.39,1.69,2.42,1.61,2.29,-1,1.95,1.95,1.98,1.92,2.06,2.01,1.97,1.87
N1,07/08/2022,13:30,Nijmegen,Twente,0,1,A,0,0,D,11,13,4,2,9,9,6,9,1,1,0,0,3.1,3.6,2.2,3.1,3.4,2.25,3.1,3.4,2.2,3.43,3.61,2.18,3.25,3.3,2.2,3.25,3.4,2.15,3.43,3.67,2.25,3.23,3.48,2.17,1.85,2,1.87,2.02,1.87,2.05,1.82,1.98,0.25,2.01,1.89,2.03,1.88,2.03,1.92,1.96,1.87,3.1,3.5,2.15,3.1,3.4,2.25,3.05,3.35,2.25,3.22,3.53,2.3,3.2,3.3,2.2,3.1,3.4,2.25,3.44,3.64,2.35,3.14,3.42,2.24,1.88,1.98,1.9,2,1.97,2,1.85,1.95,0.25,1.97,1.93,1.92,1.99,1.98,2.01,1.89,1.95
N1,07/08/2022,13:30,Vitesse,Feyenoord,2,5,A,1,2,A,9,16,3,8,9,12,5,6,2,1,0,0,3.8,3.8,1.9,3.6,3.8,1.93,3.6,3.8,1.95,3.97,4.14,1.87,3.7,3.7,1.88,3.8,3.8,1.83,3.97,4.14,1.95,3.75,3.9,1.87,1.65,2.2,1.67,2.3,1.69,2.38,1.64,2.25,0.5,2.01,1.89,2.05,1.87,2.05,1.92,1.97,1.86,3.75,3.8,1.95,3.6,3.7,1.95,3.5,3.65,2,3.64,3.89,2.01,3.8,3.5,1.91,3.5,3.75,1.95,4.03,3.94,2.01,3.62,3.74,1.95,1.65,2.2,1.69,2.26,1.7,2.34,1.65,2.23,0.5,1.9,2,1.89,2.01,1.95,2.02,1.88,1.95
N1,07/08/2022,15:45,AZ Alkmaar,Go Ahead Eagles,2,0,H,0,0,D,19,8,8,2,8,11,7,3,1,1,0,0,1.4,5,7.5,1.4,4.8,7.75,1.4,4.9,7.25,1.42,5.01,7.91,1.38,4.5,8,1.36,4.8,8,1.42,5.1,9.5,1.39,4.85,7.65,1.65,2.2,1.68,2.28,1.7,2.38,1.64,2.23,-1.25,1.92,1.98,1.94,1.96,1.94,2,1.89,1.95,1.36,5,8.5,1.4,4.6,8,1.4,4.6,7.75,1.39,5.04,8.93,1.36,4.5,8.5,1.36,4.6,8.5,1.43,5.1,9.21,1.38,4.72,8.24,1.72,2.07,1.8,2.09,1.82,2.13,1.78,2.02,-1.25,1.86,2.04,1.88,2.03,1.98,2.06,1.89,1.96
N1,12/08/2022,19:00,Excelsior,Vitesse,3,1,H,2,1,H,11,22,6,6,10,18,1,8,0,0,0,1,3.75,3.75,1.9,3.5,3.8,1.95,3.5,3.7,1.95,3.63,4.11,1.96,3.5,3.7,1.95,3.5,3.8,1.93,3.75,4.11,2,3.5,3.88,1.96,1.57,2.35,1.61,2.43,1.63,2.47,1.59,2.35,0.5,1.93,1.97,1.94,1.96,1.95,2,1.89,1.95,3.8,4,1.8,3.9,4,1.8,3.7,3.95,1.83,3.96,4.39,1.82,3.8,3.8,1.83,3.9,4,1.8,4.05,4.39,1.93,3.77,4.07,1.84,1.47,2.6,1.51,2.67,1.57,2.75,1.5,2.52,0.5,2.02,1.77,2.1,1.81,2.13,1.93,2,1.84
N1,13/08/2022,17:45,Go Ahead Eagles,PSV Eindhoven,2,5,A,1,3,A,11,23,4,11,13,8,6,6,1,0,1,0,8.5,5,1.36,8,5,1.37,7.75,5,1.37,8.03,5.49,1.38,8.5,4.6,1.36,8.5,5,1.33,8.7,5.6,1.4,7.89,5.12,1.36,1.57,2.35,1.59,2.46,1.6,2.5,1.56,2.39,1.5,1.86,2.04,1.88,2.04,1.88,2.06,1.83,2,7,4.33,1.5,7,4.8,1.42,6,4.6,1.47,6.78,4.68,1.49,7,4.2,1.44,6,4.6,1.45,7.51,4.9,1.51,6.34,4.64,1.47,1.53,2.4,1.57,2.52,1.59,2.61,1.54,2.44,1.25,1.82,2.08,1.83,2.09,1.9,2.12,1.82,2.04
N1,13/08/2022,19:00,FC Emmen,Waalwijk,1,1,D,0,0,D,11,12,5,2,15,15,3,4,3,1,0,0,1.9,3.75,3.8,1.95,3.6,3.75,1.95,3.55,3.7,1.93,3.77,4.03,1.83,3.6,4,1.9,3.5,4,1.99,3.8,4.1,1.91,3.65,3.86,1.88,1.98,1.9,1.99,1.93,2.01,1.85,1.95,-0.5,1.91,1.99,1.93,1.97,1.94,2,1.9,1.93,1.9,3.6,4,1.83,3.6,4.33,1.9,3.5,3.9,1.93,3.7,4.13,1.91,3.4,4,1.87,3.6,4,1.95,3.8,4.13,1.91,3.59,3.99,1.88,1.98,1.93,1.96,2.08,1.99,1.89,1.91,-0.5,1.95,1.95,1.93,1.97,1.96,2,1.91,1.93
N1,13/08/2022,19:00,Utrecht,Cambuur,0,0,D,0,0,D,15,21,6,10,11,14,7,4,3,1,0,0,1.5,5,5.75,1.47,4.8,6,1.5,4.7,5.75,1.52,4.56,6.57,1.44,4.5,6.5,1.44,4.6,6.5,1.52,5,7,1.48,4.66,6.12,1.44,2.7,1.5,2.68,1.53,2.79,1.47,2.64,-1.25,2.02,1.88,2.05,1.86,2.05,1.91,1.99,1.85,1.53,4.75,5.5,1.49,4.75,5.75,1.53,4.5,5.25,1.56,4.54,5.93,1.52,4.33,5.5,1.53,4.4,5.5,1.56,4.81,6.2,1.53,4.53,5.58,1.5,2.5,1.54,2.6,1.56,2.7,1.5,2.55,-1,1.9,2,1.88,2.02,1.92,2.1,1.86,1.99
N1,13/08/2022,20:00,Feyenoord,Heerenveen,0,0,D,0,0,D,19,8,11,3,8,6,7,2,1,2,0,0,1.3,5.5,8,1.3,5.75,9,1.3,6,8.5,1.31,6.13,9.49,1.29,5.5,9,1.29,5.5,9.5,1.31,6.25,9.7,1.29,5.79,8.97,1.44,2.7,1.49,2.73,1.5,2.79,1.45,2.67,-1.75,2.02,1.77,2.09,1.81,2.1,1.87,2.04,1.8,1.36,5.25,7,1.3,6,8.75,1.37,5.5,7,1.37,5.63,8.15,1.35,4.8,8,1.33,5.25,8,1.39,5.85,9,1.35,5.44,7.79,1.4,2.87,1.47,2.81,1.48,2.9,1.43,2.78,-1.5,2.04,1.86,2.04,1.87,2.06,1.94,1.96,1.88
N1,14/08/2022,11:15,Volendam,Nijmegen,1,4,A,1,2,A,16,13,6,8,15,13,6,6,2,0,0,0,2.6,3.5,2.62,2.5,3.7,2.6,2.5,3.5,2.55,2.66,3.82,2.56,2.55,3.4,2.6,2.55,3.5,2.55,2.67,3.9,2.63,2.55,3.63,2.56,1.61,2.25,1.69,2.26,1.7,2.31,1.64,2.24,0,1.94,1.96,1.99,1.92,1.99,1.98,1.92,1.92,3.1,3.75,2.25,2.87,3.75,2.25,2.8,3.65,2.25,2.94,3.92,2.31,2.88,3.6,2.25,2.88,3.8,2.2,3.31,3.98,2.31,2.91,3.78,2.25,1.53,2.4,1.54,2.6,1.57,2.61,1.53,2.48,0.25,1.89,2.01,1.88,2.02,1.92,2.03,1.87,1.98
N1,14/08/2022,13:30,Ajax,Groningen,6,1,H,3,1,H,24,4,11,2,4,6,7,3,1,0,0,0,1.16,8.5,13,1.16,8.25,16,1.15,8,14,1.18,8.37,14.21,1.15,7,17,1.13,7.5,17,1.18,8.8,19.5,1.16,7.97,14.63,1.3,3.5,1.36,3.25,1.36,3.52,1.32,3.32,-2.25,1.98,1.92,1.99,1.9,2.01,1.96,1.95,1.89,1.14,9,13,1.15,8.75,16,1.15,8.75,14,1.17,9.3,14.83,1.14,7.5,17,1.12,9,17,1.18,10.4,17.18,1.15,8.61,14.95,1.22,4.2,1.27,3.9,1.31,4.2,1.25,3.81,-2.25,1.8,2.1,1.81,2.07,1.9,2.11,1.83,2.02
N1,14/08/2022,13:30,Twente,For Sittard,3,0,H,2,0,H,19,5,8,1,13,12,10,1,1,3,0,0,1.5,4.5,6.5,1.46,4.33,6.25,1.47,4.5,6,1.5,4.45,7.22,1.44,4.4,6.5,1.45,4.4,6.5,1.51,4.7,7.22,1.47,4.49,6.46,1.66,2.15,1.68,2.27,1.71,2.3,1.64,2.23,-1.25,2.02,1.77,2.12,1.79,2.13,1.84,2.06,1.79,1.44,4.75,7,1.44,4.2,6.75,1.45,4.6,6.5,1.46,4.76,7.39,1.44,4.33,7,1.4,4.75,7,1.51,4.82,7.55,1.44,4.62,6.84,1.57,2.35,1.61,2.43,1.68,2.44,1.6,2.32,-1.25,1.99,1.91,1.99,1.92,2.06,1.92,1.97,1.88
N1,14/08/2022,15:45,Sparta Rotterdam,AZ Alkmaar,2,3,A,1,1,D,8,25,3,7,12,7,2,6,2,2,0,0,4.33,3.5,1.9,4.1,3.6,1.88,3.95,3.5,1.9,4.25,3.66,1.92,4,3.5,1.88,4.1,3.5,1.85,4.35,3.75,1.92,4.09,3.56,1.88,2,1.85,2,1.88,2.06,1.89,1.97,1.82,0.5,1.99,1.91,1.98,1.92,2.02,1.92,1.95,1.88,4,3.5,1.9,4,3.6,1.9,3.8,3.45,1.95,4.24,3.58,1.94,4.2,3.4,1.88,3.9,3.5,1.91,4.37,3.65,1.98,4.01,3.54,1.92,1.98,1.88,2,1.89,2.03,1.93,1.94,1.85,0.5,1.95,1.95,1.96,1.94,1.99,1.98,1.92,1.92
N1,20/08/2022,15:30,Vitesse,Heerenveen,0,4,A,0,2,A,4,13,2,4,11,8,3,4,3,2,0,0,1.95,3.6,3.8,1.93,3.6,3.8,2,3.5,3.6,2.03,3.85,3.63,1.95,3.5,3.7,1.95,3.6,3.6,2.03,3.85,3.8,1.97,3.66,3.63,1.72,2.07,1.8,2.1,1.81,2.16,1.75,2.07,-0.5,1.99,1.91,2.03,1.88,2.03,1.93,1.97,1.87,2.25,3.3,3.25,2.15,3.4,3.25,2.2,3.35,3.15,2.28,3.55,3.25,2.2,3.25,3.2,2.2,3.4,3.13,2.3,3.6,3.41,2.21,3.45,3.22,1.93,1.93,1.95,1.93,1.97,1.96,1.89,1.9,-0.25,1.95,1.95,1.97,1.93,1.98,2,1.92,1.92
N1,20/08/2022,17:45,For Sittard,Cambuur,1,4,A,1,0,H,19,16,6,8,11,4,6,5,3,1,0,0,2.25,3.5,3.1,2.25,3.6,2.95,2.3,3.45,2.95,2.25,3.82,3.11,2.3,3.5,2.9,2.2,3.6,3,2.33,3.84,3.11,2.25,3.64,2.96,1.65,2.2,1.68,2.29,1.7,2.35,1.64,2.23,-0.25,2,1.9,1.97,1.93,2.02,1.93,1.96,1.87,2.25,3.6,3,2.3,3.6,2.9,2.25,3.6,2.9,2.31,3.79,3.02,2.25,3.5,3,2.25,3.7,2.88,2.35,3.83,3.2,2.27,3.69,2.92,1.57,2.35,1.61,2.43,1.64,2.53,1.57,2.37,-0.25,2.02,1.88,2.02,1.89,2.04,1.91,1.99,1.86
N1,20/08/2022,20:00,FC Emmen,Utrecht,3,2,H,1,2,A,13,9,7,4,8,6,6,6,0,0,0,0,3.2,3.5,2.2,3.2,3.4,2.2,3.1,3.35,2.25,3.16,3.63,2.29,3.1,3.3,2.25,3.1,3.4,2.25,3.2,3.7,2.29,3.12,3.47,2.23,1.85,2,1.89,1.99,1.9,2.06,1.83,1.96,0.25,1.93,1.97,1.92,1.99,1.97,1.99,1.89,1.95,2.75,3.4,2.55,2.8,3.4,2.5,2.7,3.35,2.5,2.86,3.59,2.5,2.75,3.3,2.45,2.75,3.4,2.45,2.86,3.63,2.6,2.76,3.45,2.48,1.88,1.98,1.88,2.01,1.97,2.03,1.84,1.95,0,2.06,1.84,2.09,1.83,2.09,1.88,2.02,1.83
N1,21/08/2022,11:15,Groningen,Go Ahead Eagles,1,0,H,1,0,H,9,8,2,3,11,15,5,4,2,2,0,0,1.85,3.5,4.33,1.88,3.5,4.2,1.9,3.35,4.1,1.88,3.7,4.38,1.88,3.4,4.2,1.85,3.5,4.1,1.91,3.72,4.45,1.87,3.54,4.17,1.95,1.9,1.93,1.96,2,1.99,1.9,1.89,-0.5,1.89,2.01,1.88,2.03,1.92,2.03,1.88,1.96,1.9,3.6,4,1.93,3.5,3.9,1.95,3.45,3.85,1.93,3.71,4.13,1.91,3.4,4,1.87,3.6,3.9,1.98,3.83,4.37,1.92,3.58,3.94,1.75,2.05,1.78,2.12,1.87,2.13,1.8,2,-0.5,1.95,1.95,1.93,1.97,1.98,1.98,1.92,1.92
N1,21/08/2022,13:30,Sparta Rotterdam,Ajax,0,1,A,0,1,A,9,14,5,3,10,9,2,7,1,1,0,0,12,6,1.25,11,6.25,1.25,10,6.5,1.25,10.95,6.46,1.26,12,5.8,1.22,11.5,6,1.22,12,6.6,1.27,10.69,6.26,1.24,1.4,2.87,1.4,3.05,1.42,3.12,1.38,2.96,1.75,2.02,1.88,2.02,1.87,2.04,1.89,1.99,1.85,13,6,1.25,11,6.25,1.25,10,6,1.25,10.92,6.46,1.26,13,5.8,1.22,12,6,1.22,14,6.75,1.27,11.02,6.26,1.24,1.44,2.7,1.43,2.91,1.44,3.02,1.4,2.86,1.75,1.99,1.91,2,1.91,2.15,1.92,1.98,1.87
N1,21/08/2022,15:45,Waalwijk,Feyenoord,0,1,A,0,0,D,10,18,4,8,13,5,6,8,2,0,0,0,8,5.5,1.33,8,5.25,1.35,7.75,5.5,1.35,7.61,5.82,1.37,9,5,1.32,9,5.25,1.3,9,5.82,1.38,7.87,5.4,1.34,1.44,2.7,1.48,2.75,1.5,2.79,1.46,2.66,1.5,1.96,1.94,1.93,1.97,1.97,2.04,1.9,1.93,6.5,5.25,1.4,6.75,5,1.41,6.5,5,1.43,7,5.4,1.42,7,4.8,1.4,7.5,5,1.36,7.5,5.6,1.43,6.93,5.12,1.4,1.44,2.7,1.49,2.72,1.5,2.79,1.46,2.68,1.25,2.03,1.87,2.05,1.86,2.06,1.9,2.01,1.84
N1,26/08/2022,19:00,Nijmegen,Groningen,1,1,D,0,0,D,16,15,7,6,11,9,7,6,2,2,0,0,2.1,3.5,3.6,2.05,3.4,3.5,2.1,3.4,3.4,2.1,3.53,3.71,2.1,3.25,3.5,2.05,3.4,3.5,2.12,3.6,3.71,2.07,3.46,3.53,1.95,1.9,1.96,1.93,1.98,1.94,1.92,1.87,-0.5,2.05,1.75,2.1,1.82,2.12,1.83,2.07,1.78,2.05,3.6,3.6,2.1,3.5,3.5,2.05,3.45,3.4,2.08,3.59,3.71,2.05,3.4,3.5,2.05,3.5,3.5,2.12,3.64,3.71,2.05,3.51,3.52,1.88,1.98,1.91,1.98,1.97,2.02,1.86,1.94,-0.5,2.06,1.84,2.08,1.84,2.12,1.86,2.05,1.8
N1,27/08/2022,15:30,Go Ahead Eagles,Sparta Rotterdam,0,1,A,0,1,A,11,17,6,7,13,3,6,7,1,1,1,0,2.25,3.25,3.25,2.25,3.4,3.1,2.3,3.3,3.1,2.33,3.54,3.18,2.25,3.25,3.1,2.25,3.3,3.13,2.35,3.54,3.25,2.28,3.38,3.09,1.98,1.88,1.97,1.92,2,1.93,1.93,1.86,-0.25,1.99,1.91,2.01,1.9,2.01,1.93,1.97,1.88,2.55,3.2,2.87,2.5,3.2,2.85,2.5,3.15,2.85,2.62,3.29,2.92,2.35,3.2,3,2.5,3.3,2.8,2.65,3.52,3.15,2.51,3.25,2.89,2.05,1.75,2.09,1.8,2.13,1.91,2.03,1.78,-0.25,2.1,1.7,2.23,1.72,2.28,1.87,2.15,1.73
N1,27/08/2022,17:45,Vitesse,Waalwijk,2,2,D,0,1,A,25,10,8,5,12,7,10,4,0,1,0,0,1.7,3.75,5.25,1.68,3.9,4.75,1.7,3.8,4.6,1.69,4.24,4.94,1.67,3.8,4.8,1.65,3.9,5,1.72,4.24,5.25,1.69,3.98,4.74,1.7,2.1,1.75,2.17,1.77,2.19,1.71,2.12,-0.75,1.87,2.03,1.87,2.05,1.89,2.05,1.86,1.99,1.83,3.8,4.33,1.83,3.7,4.1,1.83,3.65,4.1,1.84,3.86,4.41,1.78,3.6,4.33,1.83,3.6,4.2,1.98,4.2,4.9,1.81,3.76,4.23,1.66,2.15,1.74,2.18,1.77,2.23,1.71,2.11,-0.5,1.77,2.02,1.83,2.07,1.96,2.29,1.8,2.05
N1,27/08/2022,19:00,Feyenoord,FC Emmen,4,0,H,0,0,D,22,7,7,1,7,9,11,2,0,0,0,0,1.25,6,11,1.26,6.25,11,1.27,6,10,1.28,6.32,10.36,1.24,5.5,12,1.22,6,12,1.3,6.4,12,1.26,6.04,10.26,1.47,2.6,1.47,2.74,1.52,2.79,1.47,2.63,-1.75,1.94,1.96,1.96,1.93,2,1.99,1.93,1.91,1.28,5.75,9.5,1.29,5.75,9.75,1.3,6,9.5,1.29,6.04,10.32,1.27,5.25,11,1.25,5.75,11,1.35,6.3,11,1.29,5.79,9.56,1.5,2.5,1.53,2.6,1.54,2.7,1.5,2.54,-1.5,1.86,2.04,1.81,2.05,1.92,2.11,1.82,2.02
N1,27/08/2022,20:00,Heerenveen,For Sittard,2,1,H,2,0,H,23,8,9,3,8,9,8,6,1,1,0,0,1.65,4,5.25,1.65,4.1,4.8,1.65,4,4.8,1.65,4.23,5.35,1.62,3.9,5.25,1.6,4,5.25,1.68,4.25,5.4,1.63,4.11,5.01,1.6,2.3,1.64,2.36,1.65,2.41,1.6,2.3,-1,2.02,1.77,2.06,1.85,2.14,1.85,2.06,1.8,1.61,4,5.5,1.62,4.1,5.25,1.6,4.1,5,1.63,4.16,5.59,1.57,3.8,5.8,1.6,4.1,5.25,1.73,4.23,5.97,1.62,4.08,5.2,1.65,2.2,1.67,2.29,1.71,2.38,1.65,2.23,-1,2.03,1.87,2.05,1.86,2.09,1.89,2.03,1.83
N1,28/08/2022,11:15,Utrecht,Ajax,0,2,A,0,2,A,5,10,1,4,9,10,3,4,2,3,0,0,7,5,1.4,6.5,5,1.43,6.25,4.9,1.43,6,5.36,1.47,6.5,4.75,1.42,6.5,4.75,1.4,7,5.4,1.49,6.17,4.99,1.44,1.44,2.7,1.46,2.84,1.46,2.93,1.43,2.77,1.25,1.95,1.95,1.95,1.95,1.96,1.96,1.93,1.91,6.5,5,1.44,6.25,5.25,1.42,6,5.25,1.4,6.21,5.35,1.46,7,4.75,1.4,6.5,5,1.4,7.02,5.5,1.47,6.27,5.2,1.42,1.36,3.1,1.39,3.13,1.4,3.33,1.35,3.12,1.25,1.97,1.93,1.96,1.94,2.07,1.95,1.99,1.86
N1,28/08/2022,13:30,Excelsior,PSV Eindhoven,1,6,A,0,3,A,9,27,4,13,7,7,3,9,0,1,0,0,9,6.5,1.28,8,6.25,1.28,8.5,6.25,1.27,9.28,6.37,1.29,9.5,5.5,1.27,9.5,6,1.25,9.7,6.5,1.31,8.89,6.13,1.28,1.3,3.5,1.32,3.48,1.34,3.7,1.3,3.46,1.75,1.97,1.93,1.98,1.91,1.98,1.96,1.93,1.91,9.5,7,1.25,9,6.75,1.24,9.5,7,1.25,10.35,6.84,1.25,11,6.5,1.22,11.5,7,1.2,11.5,7.12,1.27,10,6.76,1.24,1.28,3.6,1.29,3.64,1.31,4,1.26,3.72,2,1.88,2.02,1.85,2.04,1.9,2.09,1.86,1.99
N1,28/08/2022,13:30,Volendam,Twente,1,0,H,0,0,D,11,20,5,6,12,9,4,10,2,0,0,0,4.75,4,1.7,4.33,4,1.73,4.2,3.95,1.73,4.72,4.23,1.72,4.33,3.8,1.73,4.5,4,1.67,4.75,4.25,1.75,4.43,4.05,1.71,1.57,2.35,1.58,2.48,1.59,2.55,1.54,2.43,0.75,2.01,1.89,2,1.91,2.03,1.97,1.95,1.9,5.75,4.5,1.5,5.5,4.5,1.53,5.5,4.6,1.53,5.94,4.74,1.53,6,4.2,1.5,5.75,4.4,1.5,6,4.8,1.62,5.55,4.51,1.53,1.44,2.7,1.47,2.79,1.55,2.85,1.47,2.62,1,2.11,1.79,2.07,1.85,2.12,2.08,2,1.85
N1,28/08/2022,15:45,Cambuur,AZ Alkmaar,0,1,A,0,0,D,9,16,4,3,7,11,5,5,1,1,1,0,4.75,3.8,1.72,4.4,3.9,1.73,4.3,3.85,1.73,4.67,4.04,1.76,4.5,3.8,1.7,4.4,3.9,1.7,4.8,4.05,1.8,4.46,3.89,1.74,1.65,2.2,1.67,2.31,1.72,2.32,1.65,2.22,0.75,1.95,1.95,1.94,1.96,1.96,2.02,1.91,1.94,4.5,3.8,1.75,4.33,3.9,1.75,4.2,3.95,1.73,4.5,3.98,1.79,4.6,3.7,1.73,4.2,3.9,1.75,4.9,4.25,1.79,4.48,3.95,1.73,1.61,2.25,1.65,2.32,1.68,2.43,1.61,2.28,0.75,1.87,2.03,1.89,2.02,2,2.06,1.9,1.95
N1,31/08/2022,17:45,PSV Eindhoven,Volendam,7,1,H,3,1,H,25,9,16,4,2,8,10,3,0,3,0,0,1.09,11,19,1.1,11.5,26,1.09,11,20,1.1,12.11,21.38,1.08,9.5,23,1.07,11.5,22,1.11,13,28,1.09,11.34,21.77,1.18,4.5,1.19,4.86,1.2,5.25,1.17,4.62,-2.75,1.86,2.04,1.81,2.05,1.89,2.07,1.83,2.01,1.08,12,17,1.09,12.5,23,1.08,12,19,1.11,11.89,20,1.06,12,21,1.06,12,23,1.12,14.9,25,1.09,11.69,20.69,1.12,6,1.15,5.65,1.17,6.5,1.13,5.58,-3,1.99,1.91,2,1.88,2.11,1.96,1.99,1.86
N1,31/08/2022,20:00,Twente,Excelsior,4,0,H,2,0,H,11,9,6,2,7,8,1,4,0,0,0,0,1.3,5.5,10,1.3,5.75,9,1.3,6,9,1.28,6.26,10.64,1.27,5.5,10,1.25,5.75,11,1.3,6.4,11,1.28,5.95,9.7,1.4,2.87,1.38,3.11,1.42,3.17,1.38,2.94,-1.75,2,1.9,1.97,1.92,2.07,1.93,1.96,1.88,1.28,5.5,10,1.27,6.25,10,1.27,6,9,1.28,6.13,10.8,1.25,5.8,10,1.25,6,10,1.29,6.7,11.5,1.26,6.09,10.05,1.4,2.87,1.41,3.01,1.41,3.2,1.37,3.01,-1.75,1.97,1.93,1.97,1.91,1.97,2,1.92,1.92
N1,01/09/2022,19:00,AZ Alkmaar,Nijmegen,1,1,D,0,0,D,30,4,13,2,7,10,8,3,1,1,0,0,1.45,4.5,6.5,1.49,4.4,6.25,1.5,4.4,6,1.48,4.62,7.14,1.47,4.2,6.5,1.45,4.4,6.5,1.5,4.7,7.2,1.47,4.46,6.46,1.66,2.15,1.67,2.3,1.69,2.36,1.63,2.25,-1.25,2.02,1.77,2.11,1.82,2.13,1.84,2.05,1.79,1.6,4.2,5.25,1.62,4,5.25,1.6,4.1,5.25,1.61,4.21,5.85,1.55,3.9,5.8,1.6,4.1,5.25,1.64,4.3,6,1.6,4.11,5.39,1.7,2.1,1.74,2.19,1.9,2.21,1.72,2.11,-1,2.08,1.82,2.03,1.88,2.12,1.88,2.01,1.83
N1,02/09/2022,19:00,For Sittard,Utrecht,3,4,A,0,0,D,16,26,8,11,8,6,6,8,1,2,0,0,3.1,3.75,2.2,3.1,3.7,2.15,2.95,3.6,2.2,3.23,3.88,2.17,3,3.5,2.2,3.1,3.75,2.1,3.23,3.88,2.25,3.07,3.72,2.17,1.57,2.35,1.61,2.42,1.63,2.49,1.57,2.36,0.25,2,1.9,2.01,1.9,2.02,1.94,1.94,1.89,3.4,3.75,2.05,3.2,3.75,2.1,3.15,3.7,2.1,3.39,3.91,2.09,3.2,3.6,2.1,3.2,3.8,2.05,3.4,3.95,2.13,3.25,3.79,2.07,1.53,2.4,1.58,2.48,1.62,2.55,1.54,2.44,0.5,1.77,2.02,1.82,2.08,1.85,2.13,1.79,2.06
N1,03/09/2022,15:30,Ajax,Cambuur,4,0,H,2,0,H,22,5,8,3,7,7,9,1,1,2,0,0,1.1,11,23,1.1,11,26,1.09,11,20,1.12,11.27,17.85,1.08,9.5,26,1.07,11,26,1.12,12,27,1.1,10.66,21.4,1.16,5,1.19,4.86,1.19,5.25,1.17,4.72,-2.75,1.89,2.01,1.85,2.02,1.94,2.04,1.86,1.98,1.09,12,21,1.09,12,26,1.08,12,21,1.1,12.43,22.23,1.07,11,21,1.06,12,23,1.11,14.1,27,1.09,11.61,22.12,1.14,5.5,1.18,5.23,1.19,5.75,1.16,5.04,-3,2.02,1.88,1.97,1.9,2.1,1.9,1.99,1.85
N1,03/09/2022,17:45,Twente,PSV Eindhoven,2,1,H,2,0,H,18,13,5,6,8,17,4,6,1,2,0,0,3.75,3.75,1.9,3.8,3.7,1.9,3.65,3.65,1.95,3.96,3.91,1.92,3.6,3.7,1.91,3.7,3.8,1.9,4,4,1.95,3.75,3.83,1.89,1.53,2.4,1.6,2.45,1.6,2.55,1.54,2.44,0.5,1.99,1.91,1.99,1.92,2.02,1.95,1.94,1.91,4.33,3.8,1.75,4.33,4,1.75,4.3,3.85,1.75,4.43,4.04,1.79,4.6,3.75,1.7,4.2,4,1.73,4.7,4.1,1.79,4.43,3.94,1.74,1.57,2.35,1.6,2.46,1.64,2.46,1.57,2.36,0.75,1.87,2.03,1.9,2.01,1.96,2.04,1.89,1.95
N1,03/09/2022,19:00,Sparta Rotterdam,Volendam,4,0,H,1,0,H,15,18,9,6,5,0,5,11,0,0,0,0,1.65,3.8,5.5,1.6,4.1,5.25,1.6,3.95,4.6,1.62,4.55,5.14,1.6,4,5.25,1.57,4.2,5.25,1.65,4.6,5.5,1.6,4.23,5.1,1.66,2.15,1.64,2.35,1.68,2.4,1.62,2.26,-1,2.08,1.73,2.01,1.9,2.08,1.93,2,1.85,1.72,3.75,4.75,1.68,4,4.6,1.63,4,5,1.73,4.13,4.74,1.7,3.9,4.4,1.67,4,4.6,1.77,4.2,5,1.7,4.03,4.61,1.6,2.3,1.62,2.41,1.64,2.43,1.59,2.33,-0.75,1.87,2.03,1.92,1.99,1.92,2.03,1.88,1.96
N1,03/09/2022,20:00,Go Ahead Eagles,Feyenoord,3,4,A,2,2,D,10,23,4,11,11,9,6,12,0,0,0,0,8,4.75,1.4,7.5,4.8,1.4,7,4.9,1.4,7.52,5.38,1.4,8,4.75,1.36,8,4.8,1.36,8,5.38,1.42,7.41,4.99,1.39,1.53,2.4,1.57,2.52,1.57,2.57,1.53,2.44,1.5,1.77,2.02,1.82,2.08,1.84,2.13,1.79,2.05,9.5,5.25,1.3,9.25,5.5,1.31,8.25,5.5,1.33,9.05,5.71,1.34,9.5,5,1.3,9.5,5.5,1.29,9.7,5.75,1.36,8.81,5.45,1.32,1.53,2.4,1.56,2.55,1.56,2.61,1.51,2.5,1.5,1.96,1.94,1.99,1.92,2,1.99,1.94,1.9
N1,04/09/2022,11:15,Waalwijk,Excelsior,5,2,H,1,2,A,22,10,9,4,14,6,8,3,1,1,0,0,1.7,4,4.75,1.71,4.1,4.4,1.73,4,4.3,1.71,4.26,4.73,1.7,4,4.4,1.67,4,4.5,1.75,4.3,4.8,1.7,4.13,4.47,1.57,2.35,1.59,2.48,1.6,2.5,1.56,2.39,-0.75,1.89,2.01,1.9,2.01,1.91,2.02,1.88,1.97,1.75,4,4.5,1.77,4.1,4,1.75,3.95,4,1.78,4.15,4.43,1.75,3.8,4.2,1.73,4,4.2,1.81,4.2,4.5,1.75,4.06,4.23,1.53,2.4,1.54,2.59,1.56,2.66,1.51,2.5,-0.75,1.98,1.92,1.98,1.93,2.01,1.95,1.95,1.9
N1,04/09/2022,13:30,FC Emmen,AZ Alkmaar,0,3,A,0,3,A,11,15,2,7,5,10,7,1,0,2,0,0,4,3.75,1.9,3.8,3.7,1.9,3.65,3.6,1.95,3.98,3.77,1.95,3.75,3.6,1.91,3.75,3.6,1.9,4.1,3.89,1.97,3.8,3.69,1.92,1.61,2.25,1.75,2.16,1.75,2.29,1.68,2.15,0.5,1.99,1.91,1.95,1.95,1.99,1.98,1.92,1.93,4.2,3.5,1.95,3.9,3.6,1.9,3.75,3.45,1.95,4.06,3.64,1.97,3.8,3.4,1.95,3.8,3.5,1.93,4.49,3.74,2,3.93,3.56,1.93,1.93,1.93,1.93,1.96,2.01,2.03,1.89,1.9,0.5,1.94,1.96,1.93,1.97,1.98,2.01,1.9,1.94
N1,04/09/2022,13:30,Heerenveen,Nijmegen,0,0,D,0,0,D,11,12,2,2,8,18,1,5,1,1,1,0,1.9,3.6,4,1.98,3.5,3.7,2,3.45,3.65,1.96,3.73,3.97,1.95,3.5,3.75,1.9,3.6,3.75,2,3.76,4,1.95,3.59,3.77,1.75,2.05,1.88,2.02,1.89,2.09,1.79,2,-0.5,1.95,1.95,1.96,1.94,2,1.98,1.95,1.89,1.7,3.8,5,1.73,3.7,4.75,1.73,3.7,4.5,1.72,3.93,5.14,1.73,3.6,4.75,1.7,3.75,4.75,1.8,3.93,5.14,1.73,3.76,4.76,1.9,1.95,1.9,1.99,1.97,2.02,1.85,1.94,-0.75,1.89,2.01,1.93,1.98,1.97,2.03,1.93,1.91
N1,04/09/2022,15:45,Groningen,Vitesse,0,1,A,0,0,D,7,19,0,5,7,10,3,8,1,2,0,0,2.5,3.6,2.7,2.37,3.5,2.8,2.4,3.45,2.8,2.45,3.59,2.94,2.4,3.4,2.8,2.38,3.5,2.75,2.5,3.62,2.94,2.39,3.51,2.82,1.66,2.15,1.79,2.1,1.79,2.15,1.71,2.1,-0.25,2.1,1.7,2.12,1.81,2.13,1.85,2.07,1.78,2.5,3.1,2.9,2.45,3.4,2.85,2.45,3.25,2.8,2.49,3.47,2.96,2.45,3.2,2.88,2.4,3.4,2.8,2.59,3.55,3,2.46,3.36,2.85,1.93,1.93,1.93,1.95,1.99,2.01,1.89,1.9,0,1.77,2.14,1.79,2.14,1.86,2.2,1.79,2.08
N1,09/09/2022,19:00,Volendam,Go Ahead Eagles,2,3,A,1,1,D,18,11,6,4,10,16,8,10,3,2,0,0,2.5,3.6,2.6,2.5,3.6,2.6,2.5,3.55,2.55,2.62,3.68,2.68,2.55,3.5,2.55,2.5,3.6,2.55,2.62,3.75,2.8,2.53,3.6,2.61,1.6,2.3,1.63,2.38,1.63,2.43,1.59,2.34,0,1.91,1.99,1.93,1.97,1.94,2.01,1.9,1.95,2.3,3.6,2.8,2.4,3.7,2.65,2.35,3.6,2.75,2.41,3.72,2.91,2.38,3.5,2.75,2.38,3.6,2.7,2.5,3.8,2.91,2.36,3.65,2.79,1.57,2.35,1.59,2.47,1.6,2.51,1.55,2.4,-0.25,2.11,1.79,2.1,1.83,2.14,1.83,2.05,1.8
N1,10/09/2022,15:30,Nijmegen,For Sittard,1,1,D,0,0,D,22,8,6,3,14,23,13,4,0,6,0,1,1.85,3.75,4,1.88,3.7,3.9,1.9,3.6,3.8,1.91,3.85,4.07,1.83,3.6,4,1.83,3.7,3.9,1.92,3.85,4.15,1.88,3.71,3.91,1.72,2.07,1.79,2.11,1.8,2.14,1.74,2.08,-0.5,1.87,2.03,1.91,2,1.91,2.07,1.87,1.97,1.8,3.8,4,1.82,3.8,4,1.83,3.75,3.95,1.84,4.02,4.2,1.78,3.7,4.2,1.8,3.8,4,1.88,4.02,4.31,1.81,3.86,4.08,1.65,2.2,1.68,2.28,1.69,2.31,1.65,2.21,-0.5,1.86,2.04,1.84,2.08,1.89,2.08,1.82,2.02
N1,10/09/2022,17:45,Ajax,Heerenveen,5,0,H,2,0,H,20,5,7,1,3,4,17,3,1,2,0,0,1.18,8,12,1.19,7.5,14.5,1.2,7.75,12,1.21,7.87,11.72,1.18,6.5,15,1.15,7.5,15,1.22,8,15,1.19,7.36,12.72,1.28,3.6,1.31,3.54,1.33,3.7,1.29,3.48,-2.25,2.05,1.85,2.07,1.83,2.07,1.89,2.02,1.83,1.2,7.5,11,1.2,7,14,1.2,7.25,12,1.21,7.67,12.89,1.18,6.5,15,1.17,7,15,1.22,7.96,15,1.2,7.22,12.92,1.36,3.1,1.38,3.16,1.4,3.5,1.35,3.09,-2,1.91,1.99,1.91,1.98,1.93,2.04,1.88,1.96
N1,10/09/2022,20:00,Excelsior,FC Emmen,2,1,H,0,1,A,13,11,4,4,10,8,6,8,1,2,0,0,3.3,3.4,2.2,3.2,3.5,2.15,3.1,3.45,2.2,3.22,3.73,2.22,3.1,3.5,2.15,3.1,3.6,2.15,3.3,3.73,2.32,3.12,3.58,2.19,1.66,2.15,1.71,2.22,1.73,2.25,1.68,2.16,0.25,1.97,1.93,1.97,1.93,1.99,1.94,1.93,1.9,3.25,3.75,2.1,3.3,3.7,2.05,3.2,3.6,2.1,3.29,3.92,2.15,3.1,3.5,2.15,3.2,3.75,2.05,3.4,3.92,2.23,3.25,3.72,2.1,1.6,2.3,1.61,2.43,1.68,2.44,1.6,2.31,0.25,2.03,1.87,2.03,1.88,2.09,1.89,2.02,1.83
N1,11/09/2022,11:15,Utrecht,Vitesse,1,0,H,0,0,D,12,12,5,5,6,3,10,10,0,1,0,0,1.9,3.75,4,1.87,3.7,3.9,1.95,3.7,3.65,1.92,3.96,3.91,1.91,3.6,3.7,1.87,3.7,3.75,1.95,3.98,4,1.91,3.77,3.74,1.65,2.2,1.65,2.33,1.69,2.36,1.63,2.25,-0.5,1.94,1.96,1.92,1.98,1.98,2,1.91,1.92,2.05,3.8,3.5,2,3.75,3.4,2.05,3.65,3.35,2.08,3.81,3.52,2.05,3.6,3.3,2,3.8,3.25,2.12,3.92,3.8,2.02,3.75,3.43,1.57,2.35,1.57,2.51,1.61,2.57,1.54,2.42,-0.5,2.08,1.82,2.08,1.84,2.12,1.91,2.02,1.83
N1,11/09/2022,13:30,Cambuur,Groningen,0,1,A,0,0,D,14,10,2,3,9,15,6,4,2,3,0,0,2.15,3.5,3.3,2.15,3.6,3.1,2.15,3.5,3.1,2.18,3.75,3.31,2.15,3.5,3.1,2.1,3.5,3.2,2.29,3.85,3.31,2.15,3.61,3.16,1.7,2.1,1.75,2.17,1.76,2.2,1.71,2.12,-0.25,1.89,2.01,1.9,2.01,1.9,2.03,1.87,1.97,1.95,3.5,4,1.93,3.7,3.7,1.95,3.6,3.65,1.97,3.77,3.91,1.88,3.5,3.9,1.93,3.7,3.6,2.02,3.8,4.07,1.95,3.66,3.71,1.7,2.1,1.75,2.17,1.8,2.23,1.72,2.1,-0.5,1.95,1.95,1.97,1.93,2.03,1.95,1.96,1.88
N1,11/09/2022,13:30,PSV Eindhoven,Waalwijk,1,0,H,0,0,D,31,9,5,3,5,14,12,3,1,5,0,0,1.16,9,12,1.17,7.75,17,1.17,8,14,1.16,8.44,17.93,1.15,7,17,1.14,7.5,17,1.18,9,19,1.16,7.76,15.76,1.3,3.5,1.32,3.49,1.35,3.52,1.31,3.34,-2.25,1.99,1.91,1.94,1.94,2.01,1.94,1.94,1.9,1.22,8,11,1.2,7.25,13.5,1.2,7.5,12,1.2,7.68,13.12,1.18,7,12,1.17,7.5,13,1.23,8.08,14,1.19,7.34,12.4,1.33,3.4,1.34,3.38,1.37,3.62,1.32,3.31,-2,1.92,1.98,1.9,1.98,1.95,2,1.88,1.96
N1,11/09/2022,15:45,AZ Alkmaar,Twente,1,1,D,0,0,D,12,10,3,2,9,8,6,5,1,2,0,0,2.1,3.4,3.5,2.1,3.4,3.4,2.15,3.35,3.35,2.1,3.66,3.57,2.1,3.4,3.3,2.05,3.5,3.4,2.15,3.7,3.6,2.09,3.52,3.4,1.75,2.05,1.8,2.09,1.8,2.14,1.76,2.05,-0.25,1.84,2.06,1.83,2.1,1.85,2.11,1.81,2.04,2,3.4,3.8,2.05,3.5,3.4,2.05,3.4,3.55,2.04,3.64,3.77,1.95,3.4,3.8,2,3.5,3.5,2.08,3.72,4.15,2.02,3.54,3.62,1.75,2.05,1.8,2.09,1.85,2.2,1.77,2.04,-0.5,2.07,1.83,2.04,1.87,2.1,1.93,2.02,1.83
N1,11/09/2022,19:00,Feyenoord,Sparta Rotterdam,3,0,H,2,0,H,23,8,9,2,13,4,8,3,0,0,0,0,1.28,6,9,1.28,5.75,10.5,1.3,6,9.5,1.28,6.11,10.99,1.27,5.25,11,1.25,5.5,11,1.3,6.2,11.5,1.27,5.85,10.13,1.44,2.7,1.47,2.77,1.5,2.82,1.46,2.66,-1.75,2.02,1.88,2.03,1.86,2.04,1.9,1.99,1.85,1.28,6,9,1.29,5.75,9.5,1.3,6,9,1.3,6.09,10.21,1.27,5.5,10,1.25,6,10,1.32,6.17,10.21,1.29,5.84,9.55,1.44,2.7,1.5,2.7,1.54,2.79,1.48,2.61,-1.5,1.75,2.05,1.86,2.05,1.92,2.12,1.83,2.01
N1,16/09/2022,19:00,Utrecht,Nijmegen,0,0,D,0,0,D,17,12,7,3,8,8,6,5,3,1,0,0,1.7,3.75,5,1.68,4,4.75,1.7,3.85,4.7,1.72,4.04,4.96,1.67,3.8,4.75,1.67,3.9,4.75,1.75,4.2,5,1.69,3.98,4.7,1.7,2.1,1.72,2.21,1.75,2.28,1.68,2.17,-0.75,1.9,2,1.92,1.99,1.92,2.01,1.88,1.96,1.72,3.75,4.75,1.71,4,4.5,1.7,3.9,4.5,1.74,3.96,4.9,1.7,3.8,4.5,1.7,3.9,4.5,1.77,4.14,5,1.72,3.97,4.55,1.65,2.2,1.7,2.24,1.72,2.29,1.64,2.22,-0.75,1.96,1.94,1.95,1.95,1.98,2,1.91,1.92
N1,17/09/2022,15:30,Sparta Rotterdam,Groningen,2,1,H,0,0,D,9,4,4,2,11,10,5,1,0,3,0,0,2.2,3.25,3.6,2.15,3.4,3.3,2.25,3.2,3.2,2.17,3.44,3.62,2.15,3.3,3.3,2.15,3.25,3.4,2.28,3.55,3.62,2.18,3.35,3.35,2.05,1.75,2.09,1.8,2.13,1.86,2.04,1.76,-0.25,1.9,2,1.86,2.05,1.92,2.05,1.87,1.97,2.3,3.3,3.25,2.25,3.4,3.2,2.2,3.25,3.2,2.33,3.35,3.33,2.25,3.2,3.2,2.25,3.3,3.13,2.33,3.55,3.47,2.25,3.34,3.22,2.05,1.75,2.07,1.83,2.24,1.85,2.03,1.78,-0.25,1.99,1.91,1.99,1.91,2.03,2.03,1.95,1.89
N1,17/09/2022,17:45,Vitesse,Volendam,1,1,D,0,1,A,17,11,9,6,12,10,11,3,2,1,0,0,1.45,5,6,1.46,5,6,1.47,4.8,5.75,1.48,5.05,6.31,1.44,4.6,6.5,1.44,4.75,6,1.5,5.1,6.5,1.46,4.87,6.03,1.4,2.87,1.43,2.97,1.44,3.07,1.4,2.86,-1.25,1.97,1.93,1.95,1.95,1.99,1.95,1.94,1.9,1.36,5.5,7.5,1.34,5.75,7.75,1.33,6,7.5,1.39,5.52,7.57,1.33,5.25,7.5,1.33,5.25,7.5,1.41,6,7.9,1.35,5.54,7.41,1.36,3.1,1.39,3.16,1.39,3.46,1.34,3.14,-1.5,1.95,1.95,1.97,1.93,1.98,2.01,1.91,1.92
N1,17/09/2022,19:00,Waalwijk,Cambuur,5,1,H,1,1,D,33,4,13,2,5,11,16,0,2,2,0,2,2.2,3.4,3.3,2.15,3.7,3.1,2.15,3.5,3.1,2.2,3.71,3.28,2.1,3.5,3.2,2.1,3.6,3.13,2.2,3.78,3.3,2.15,3.62,3.16,1.66,2.15,1.69,2.26,1.72,2.31,1.67,2.18,-0.25,1.92,1.98,1.92,1.99,1.92,2.02,1.88,1.95,2.25,3.6,3,2.25,3.6,2.95,2.25,3.5,2.9,2.32,3.69,3.07,2.25,3.5,3,2.25,3.6,2.9,2.32,3.7,3.27,2.26,3.6,3,1.65,2.2,1.69,2.26,1.72,2.29,1.66,2.19,-0.25,2.02,1.88,2.02,1.89,2.04,1.92,1.97,1.87
N1,17/09/2022,20:00,For Sittard,Excelsior,1,0,H,0,0,D,13,14,4,2,10,9,1,5,4,3,1,0,1.8,4,4.2,1.83,4,3.8,1.83,3.95,3.8,1.84,4.27,3.98,1.8,3.9,3.9,1.8,3.9,3.9,1.85,4.3,4.2,1.81,4.07,3.87,1.53,2.4,1.54,2.59,1.58,2.66,1.5,2.49,-0.75,2.05,1.85,2.06,1.85,2.07,1.87,2.02,1.82,1.55,4.75,5.5,1.6,4.4,4.8,1.6,4.3,4.8,1.57,4.79,5.37,1.62,4,5,1.57,4.4,4.8,1.7,4.79,5.5,1.61,4.44,4.83,1.4,2.87,1.43,2.99,1.48,2.99,1.43,2.78,-1,1.89,2.01,1.9,2,2.17,2.03,1.99,1.85
N1,18/09/2022,11:15,Go Ahead Eagles,FC Emmen,2,0,H,1,0,H,16,13,7,6,15,12,3,5,2,2,0,0,2.5,3.3,2.9,2.37,3.5,2.85,2.4,3.35,2.85,2.52,3.44,2.94,2.4,3.4,2.8,2.4,3.4,2.8,2.52,3.58,3.05,2.42,3.41,2.85,1.85,2,1.89,1.99,1.91,2.05,1.82,1.97,-0.25,2.1,1.7,2.16,1.76,2.16,1.85,2.1,1.76,2.37,3.5,2.87,2.35,3.4,2.95,2.35,3.3,2.9,2.4,3.5,3.08,2.3,3.3,3,2.3,3.4,2.9,2.56,3.58,3.2,2.36,3.41,2.96,1.9,1.95,1.93,1.96,1.97,2,1.89,1.9,-0.25,2.07,1.83,2.07,1.85,2.1,1.85,2.04,1.81
N1,18/09/2022,13:30,Heerenveen,Twente,2,1,H,2,1,H,14,20,6,6,10,8,9,11,3,2,0,0,2.9,3.4,2.4,2.8,3.4,2.45,2.9,3.2,2.45,2.96,3.44,2.51,2.88,3.25,2.4,2.88,3.3,2.4,2.96,3.6,2.58,2.86,3.37,2.43,1.9,1.95,1.95,1.93,1.96,2,1.87,1.92,0,2.13,1.78,2.13,1.8,2.13,1.83,2.09,1.77,3.1,3.3,2.3,3,3.3,2.37,3,3.25,2.35,3.17,3.49,2.35,3.2,3.2,2.25,3,3.3,2.3,3.39,3.5,2.4,3.07,3.36,2.32,2,1.85,2,1.89,2.04,1.9,1.96,1.84,0.25,1.83,2.07,1.88,2.03,1.88,2.08,1.84,2.01
N1,18/09/2022,13:30,PSV Eindhoven,Feyenoord,4,3,H,2,2,D,27,13,10,6,10,10,13,1,2,1,0,0,1.85,3.75,4.2,1.85,4,3.7,1.9,3.85,3.65,1.89,4.07,3.92,1.85,3.8,3.7,1.83,3.9,3.75,1.94,4.25,4.2,1.87,3.95,3.75,1.5,2.5,1.52,2.62,1.55,2.66,1.5,2.52,-0.5,1.87,2.03,1.89,2.02,1.92,2.04,1.87,1.97,1.85,4,3.8,1.87,3.9,3.7,1.9,3.85,3.6,1.93,3.96,3.89,1.83,3.9,3.7,1.85,4,3.6,1.95,4.25,3.94,1.88,3.97,3.72,1.5,2.5,1.56,2.54,1.56,2.75,1.48,2.58,-0.5,1.91,1.99,1.93,1.98,1.93,2.01,1.88,1.97
N1,18/09/2022,15:45,AZ Alkmaar,Ajax,2,1,H,2,1,H,13,15,8,7,5,8,3,5,3,2,0,0,4.75,4.2,1.66,4.4,4.2,1.68,4.3,4.1,1.7,5,4.28,1.68,4.6,3.9,1.67,4.75,4,1.65,5,4.4,1.72,4.55,4.17,1.67,1.6,2.3,1.65,2.34,1.66,2.48,1.58,2.33,0.75,2.02,1.88,2.07,1.84,2.07,1.9,2.01,1.83,5,4.2,1.61,4.6,4.1,1.68,4.6,4,1.65,4.6,4,1.78,4.6,3.9,1.67,4.6,4,1.67,5,4.2,1.79,4.65,4.03,1.69,1.57,2.35,1.72,2.2,1.72,2.35,1.65,2.21,0.75,2.1,1.8,1.92,1.99,2.1,2.03,1.95,1.88
